t,truth_p,truth_v,measurements
0.0,0.0,0.0,-0.4764978253734603
0.001,0.0,0.3101860889731106,0.9690856155423364
0.002,0.0003101860889731106,3.622445477898243,1.6197487696174975
0.003,0.003932631566871354,1.2245002113080456,-0.45177489936719856
0.004,0.0051571317781794,2.3244972787762106,0.15959563199272625
0.005,0.00748162905695561,0.799331523161037,1.1416040395420017
0.006,0.008280960580116648,2.2782933697218852,-1.7753834226695577
0.007,0.010559253949838534,3.3181251980966113,0.34198057979685437
0.008,0.013877379147935145,3.117029697901714,0.21991447641332784
0.009,0.016994408845836858,4.651650193313101,-1.3281629249062081
0.01,0.02164605903914996,4.278790089921099,-0.8469399891751819
0.011,0.02592484912907106,3.243589634174665,-0.5490537869238905
0.012,0.029168438763245725,3.445246752837592,-0.6833906774523193
0.013,0.03261368551608332,2.5158324966706265,0.0980516250060613
0.014,0.03512951801275394,1.836302836684664,0.727020425473194
0.015,0.036965820849438606,0.13803325634970198,-1.9314455471616627
0.016,0.03710385410578831,-1.5498642684405308,-2.7736810225550763
0.017,0.035553989837347776,-0.0351585628211164,2.8583739286957184
0.018,0.03551883127452666,-0.4459217235025083,1.1443167137749086
0.019,0.03507290955102415,-2.071653458858638,1.2278500686614724
0.02,0.03300125609216551,-2.3381149196264484,-0.30094738845448127
0.021,0.030663141172539064,-1.4308197567369128,-0.2760311625089151
0.022,0.029232321415802152,-1.0740938891213516,-0.158975863115356
0.023,0.0281582275266808,-1.1217219729257488,1.4385705778308402
0.024,0.02703650555375505,-1.7664348256764493,-0.4462693411977525
0.025,0.025270070728078603,-1.8175488112821216,0.32097986020585434
0.026,0.023452521916796483,-2.1356677875820056,-0.7991551510355543
0.027,0.021316854129214476,-1.7985814617941351,0.9584046399824394
0.028,0.01951827266742034,-3.124880586938599,-3.8330112728565875
0.029,0.016393392080481742,-1.5794994937569988,0.9097164919382807
0.03,0.014813892586724744,-1.3489646084386613,-2.8394122097971453
0.031,0.013464927978286082,-1.4157068022345856,-0.7373066926363404
0.032,0.012049221176051497,-1.6580692071819667,-1.2886842216195964
0.033,0.010391151968869531,-0.9430278597467197,-2.3191494965005095
0.034,0.009448124109122812,0.2869840068901952,0.7724334898244848
0.035,0.009735108116013007,1.2579845092057615,0.4744469673820298
0.036,0.010993092625218769,0.04457797796547425,-0.25705490682261434
0.037,0.011037670603184243,1.5523583098101084,-1.1181515619536337
0.038,0.012590028912994352,1.9807696912574988,-1.3278048760330927
0.039,0.014570798604251851,2.895514072894804,1.1491830748190033
0.04,0.017466312677146656,2.8005809043345744,-0.502409809070538
0.041,0.020266893581481232,3.1784252047738577,0.20265863730365813
0.042,0.02344531878625509,4.40761822337357,-0.3064391022997493
0.043,0.02785293700962866,6.005080317380741,-0.2830178068629019
0.044,0.0338580173270094,6.244327374010944,4.2590074922993
0.045,0.04010234470102035,5.976010018231057,-2.1993650495682204
0.046,0.04607835471925141,6.011339725577266,1.2455021095571177
0.047,0.05208969444482868,4.918080555717086,0.7432972099423567
0.048,0.05700777500054577,4.7987884695714,0.025891334320219218
0.049,0.06180656347011717,4.987035782909976,0.33160893191675184
0.05,0.06679359925302715,5.121440686033992,3.115787898275364
0.051,0.07191503993906115,4.96698427789623,1.1556939272444984
0.052,0.07688202421695738,5.1804706821934285,0.2819199229491692
0.053,0.08206249489915081,5.985216951373224,-1.2126622426577414
0.054,0.08804771185052403,5.012455138754866,0.7676983109684046
0.055,0.0930601669892789,3.872199745768694,1.3734557214181604
0.056,0.09693236673504758,4.195527082838996,-0.7680798663658907
0.057,0.10112789381788657,4.029156901720841,-2.0917718763742537
0.058,0.10515705071960742,4.90753865240452,1.479023808687482
0.059,0.11006458937201194,5.15581348010776,1.0801109155947841
0.06,0.1152204028521197,3.841249272121082,-3.17681542802249
0.061,0.11906165212424077,3.9012307514323594,1.9382724177790631
0.062,0.12296288287567314,3.0631417125618285,-0.6388045960376364
0.063,0.12602602458823497,1.7572820136784477,0.5293529179400109
0.064,0.12778330660191342,1.9583284530246416,-0.826526343358432
0.065,0.12974163505493808,2.085452014122836,-1.2478502798722486
0.066,0.1318270870690609,1.4300393952887647,2.017649280208761
0.067,0.13325712646434967,1.0632119741911992,0.09478652541254129
0.068,0.13432033843854088,2.2149021060478398,-0.7528504241955615
0.069,0.1365352405445887,1.4233338065653047,3.9010878084151837
0.07,0.13795857435115402,2.9595481810588504,0.15959544813308466
0.071,0.14091812253221286,3.2607890398905885,-0.3201491858742866
0.072,0.14417891157210344,4.0203928671716715,0.14512730779278912
0.073,0.14819930443927512,4.82148408882838,1.064195432448517
0.074,0.1530207885281035,4.603539398797175,1.671053241315731
0.075,0.15762432792690068,6.594803791045495,-0.4789597502611515
0.076,0.16421913171794617,4.7152399450817715,1.8218347590063286
0.077,0.16893437166302794,4.992856555564826,0.8748942366181076
0.078,0.17392722821859277,4.53716177399012,0.9376252116170282
0.079,0.1784643899925829,3.348664168728694,-0.006189808282046516
0.08,0.1818130541613116,3.053740185732017,-2.1175336348985856
0.081,0.18486679434704362,4.77086896193338,-0.8902097889850382
0.082,0.189637663308977,6.102897414556295,0.21438352812554376
0.083,0.1957405607235333,5.747646560474923,0.8443783247935198
0.084,0.2014882072840082,8.03434924224365,-0.2879697971330415
0.085,0.20952255652625185,9.22867231602375,0.915206770834689
0.086,0.2187512288422756,9.095656936303259,-1.2110866602328714
0.087,0.22784688577857887,10.137365338362574,1.682244876043791
0.088,0.23798425111694144,8.962127666491142,-0.25803582467616765
0.089,0.2469463787834326,7.862387159552249,-2.692916293473884
0.09,0.25480876594298485,9.361197778539477,-0.43461921161928807
0.091,0.26416996372152435,10.057681486837339,-1.14865430369349
0.092,0.2742276452083617,12.5078451898817,-0.8648458160733568
0.093,0.28673549039824336,13.175766485591534,0.25466102080035746
0.094,0.2999112568838349,14.13127319750685,-1.1545139397312456
0.095,0.31404253008134175,11.669891669144745,1.9644307153815181
0.096,0.3257124217504865,12.09705124620957,1.6076002340268323
0.097,0.33780947299669606,10.697552253751217,-0.6537727470935292
0.098,0.3485070252504473,8.639163289684433,0.34775592431921026
0.099,0.35714618854013175,7.566429972229767,1.2964288427881938
0.1,0.36471261851236153,9.127153673846449,-3.239134103064775
0.101,0.37383977218620795,10.738369312357664,-0.7709178405122332
0.102,0.3845781414985656,9.917992962807281,1.5495387861646432
0.103,0.3944961344613729,8.012554351734014,-0.5535550803429478
0.104,0.4025086888131069,9.34476599826392,1.0952412505633877
0.105,0.4118534548113708,9.55290058920434,1.2976397754544478
0.106,0.42140635540057514,10.059804505536688,-0.04707093741257029
0.107,0.4314661599061118,9.957002099079537,3.235245232301788
0.108,0.4414231620051913,9.971747123556613,0.3313862118340715
0.109,0.4513949091287479,10.282431686861111,0.16621941783396627
0.11,0.461677340815609,11.232113818091026,-1.3551537397053877
0.111,0.47290945463370004,11.902108853179406,2.3427640501132254
0.112,0.4848115634868794,11.639268264831891,-0.7452590326591484
0.113,0.49645083175171134,9.558839480614647,0.010626806072658146
0.114,0.506009671232326,9.683557519090778,1.386088542582406
0.115,0.5156932287514168,8.805047180033693,1.4326462185705306
0.116,0.5244982759314505,7.083515190674868,1.0307253774636527
0.117,0.5315817911221253,8.172742876382067,-0.7950782090216942
0.118,0.5397545339985074,8.704411881311636,-1.4514129798475617
0.119,0.548458945879819,5.892012415564523,-3.0028978263223816
0.12,0.5543509582953835,8.024536719510891,0.4733108094101511
0.121,0.5623754950148944,8.651218847234434,-0.13368682586795055
0.122,0.5710267138621288,8.237087987044498,1.7937749744062041
0.123,0.5792638018491733,8.826968478203021,1.8460608076718126
0.124,0.5880907703273762,8.631059641684546,2.385264768851842
0.125,0.5967218299690608,7.88441474216176,-2.804707620580936
0.126,0.6046062447112225,9.397013547403311,-2.4543752075188277
0.127,0.6140032582586258,9.115505247641874,-0.6018006419546776
0.128,0.6231187635062676,9.677537608202522,0.2523286451655147
0.129,0.6327963011144702,10.007416488188767,0.8314768977204099
0.13,0.642803717602659,9.963036143418945,4.172683455000625
0.131,0.652766753746078,11.352446599739903,-2.086308658593631
0.132,0.6641192003458178,9.454600891537599,1.567656885115964
0.133,0.6735738012373554,9.540277536024655,0.3523674709921651
0.134,0.68311407877338,8.777540488022696,0.032323908578961724
0.135,0.6918916192614027,8.480095142945009,1.4163857087730645
0.136,0.7003717144043478,6.911140292033571,-0.9471459496997876
0.137,0.7072828546963813,4.560135191924434,0.010981968533922526
0.138,0.7118429898883057,4.599562492296926,1.711834841006651
0.139,0.7164425523806026,4.058389869353247,-2.0956920935228993
0.14,0.7205009422499559,4.461586293449715,2.0714714053366707
0.141,0.7249625285434056,3.657530723446284,2.5332917038359315
0.142,0.7286200592668519,2.047928402407429,2.898514379513659
0.143,0.7306679876692593,3.2356499166357433,0.7677020749117075
0.144,0.733903637585895,1.982375081334053,0.023421448679390555
0.145,0.7358860126672291,2.1031598622538756,3.2709258243711083
0.146,0.7379891725294829,2.0071581448418816,1.2306239083669759
0.147,0.7399963306743248,2.13781236447457,2.662356679016331
0.148,0.7421341430387993,3.953521939354523,1.061535436574635
0.149,0.7460876649781538,5.325775892897439,2.4163063546615957
0.15,0.7514134408710512,3.927855090933722,-0.027550921570980935
0.151,0.755341295961985,5.058596244452404,0.3155662245998787
0.152,0.7603998922064373,5.998262199161096,-0.982427867163368
0.153,0.7663981544055984,5.233360166581291,1.4028130834881598
0.154,0.7716315145721797,4.703815936944258,-0.7736606058692903
0.155,0.776335330509124,5.004434431254795,1.6492387184025679
0.156,0.7813397649403787,4.415283117896349,1.0276475012441817
0.157,0.785755048058275,3.8021766455041677,0.5896424700897326
0.158,0.7895572247037792,5.204958842130346,1.0462661995098406
0.159,0.7947621835459096,6.19202197453143,1.9978340311548957
0.16,0.8009542055204409,5.576181669774631,2.1090322093690608
0.161,0.8065303871902155,3.697507168563728,1.1058870202676332
0.162,0.8102278943587793,2.902369674716493,1.0926332553824878
0.163,0.8131302640334958,3.8883251149203812,1.4050923060635958
0.164,0.8170185891484162,3.761158685226261,2.182074372310131
0.165,0.8207797478336425,4.223954176953928,0.2333392687319935
0.166,0.8250037020105965,5.611171779983297,1.1323022168521901
0.167,0.8306148737905797,6.5388368247227255,4.448312793440072
0.168,0.8371537106153024,6.347822232232255,-1.9001169305522811
0.169,0.8435015328475347,6.4615741195798515,1.3298250077919427
0.17,0.8499631069671145,5.348207376480551,0.7813561463035762
0.171,0.8553113143435951,5.657502596026427,2.4611267976091455
0.172,0.8609688169396215,5.919691617878968,0.605948064965905
0.173,0.8668885085575004,6.038385539526642,0.5560558212357989
0.174,0.8729268940970271,7.574840131043317,0.18643803094999944
0.175,0.8805017342280704,7.757959832061676,1.1913499316365228
0.176,0.888259694060132,6.879991760476332,-0.8312930881987329
0.177,0.8951396858206084,7.53095067941508,-0.4128826002189472
0.178,0.9026706365000235,7.742964480588365,2.6060094752377885
0.179,0.9104136009806119,6.973664334743293,1.9020786197470652
0.18,0.9173872653153552,8.589640448341,0.9809862273201067
0.181,0.9259769057636962,9.387526951778709,0.5000317587480249
0.182,0.9353644327154749,10.025755906621766,-0.4317238964134913
0.183,0.9453901886220967,10.218740156889954,0.062084168623824154
0.184,0.9556089287789866,10.487584985653424,3.087200680900078
0.185,0.96609651376464,12.9880670969598,2.1627492633102
0.186,0.9790845808615998,12.621674642724637,0.8436515090344848
0.187,0.9917062555043245,12.800403177714536,1.9391060803225315
0.188,1.004506658682039,12.064414869834925,1.857090183978121
0.189,1.016571073551874,11.380170109509303,1.73507457778456
0.19,1.0279512436613834,13.065263026533037,-0.8308354999785079
0.191,1.0410165066879165,12.614938950261365,-1.3455856705006006
0.192,1.053631445638178,13.845573858352973,1.2699124703782783
0.193,1.0674770194965308,12.37199672271976,2.160335444514148
0.194,1.0798490162192507,12.054139811282512,1.9864371605844118
0.195,1.0919031560305332,12.745424081022204,0.26886435739542724
0.196,1.1046485801115555,13.274934580060647,-2.463422705403832
0.197,1.1179235146916162,13.352465381092713,-1.3814813205711514
0.198,1.131275980072709,11.746710455797974,2.224176223724606
0.199,1.143022690528507,12.672335787402558,1.9675671597847533
0.2,1.1556950263159096,12.578451330771601,-0.9834300091249109
0.201,1.1682734776466812,12.956436103019998,0.2554963580729843
0.202,1.1812299137497013,11.643257222429247,0.6194190224513152
0.203,1.1928731709721305,11.261322924766542,0.21527889041627435
0.204,1.204134493896897,11.952023766101934,1.5784445419019404
0.205,1.216086517662999,11.946162481388528,2.4346643864983877
0.206,1.2280326801443875,11.047244268925715,0.41010813294897597
0.207,1.2390799244133133,11.568330458106033,-1.016537296262248
0.208,1.2506482548714193,10.712557981932916,0.5160930190220405
0.209,1.2613608128533522,11.209069555323257,3.6120293346022434
0.21,1.2725698824086755,9.99782131397251,1.247698200540193
0.211,1.282567703722648,9.958644428431871,3.3854685644842433
0.212,1.2925263481510798,10.367186246548721,0.9357066554730742
0.213,1.3028935343976284,11.48152589756985,2.1163246396504034
0.214,1.3143750602951982,12.083181884498082,-0.28568594026363536
0.215,1.3264582421796962,13.615374531164656,0.01273831262718561
0.216,1.340073616710861,13.850972073820188,1.6676851596253401
0.217,1.3539245887846811,14.31771811437584,0.9453805393010071
0.218,1.368242306899057,14.520223143563085,3.8445297139416494
0.219,1.38276253004262,14.3434892103598,3.1836899956604547
0.22,1.3971060192529798,14.39300355051326,2.357576725896343
0.221,1.4114990228034932,13.136706524919338,-0.459668689171312
0.222,1.4246357293284124,13.731541327999787,2.274691480157103
0.223,1.4383672706564121,14.072100851047061,3.128151139637687
0.224,1.4524393715074593,14.07536177924577,0.005258040629938732
0.225,1.466514733286705,13.0555955914315,1.044480171938178
0.226,1.4795703288781366,12.991182564946476,1.9029738952469712
0.227,1.492561511443083,11.3389751180393,1.0171284654441708
0.228,1.5039004865611223,8.607600308075378,-0.3458558665947611
0.229,1.5125080868691976,9.460263289258837,-0.02525452127268113
0.23,1.5219683501584564,8.950060944646111,0.47684609220135754
0.231,1.5309184111031024,9.721168368555853,-0.01127897021876878
0.232,1.5406395794716583,9.242579038676027,0.7678287452098256
0.233,1.5498821585103344,9.882931220032708,1.2555242429897082
0.234,1.5597650897303672,8.859687400000537,4.0303747302791955
0.235,1.5686247771303679,9.506122609657542,4.644179477230637
0.236,1.5781308997400254,8.812283895918691,1.496040978849971
0.237,1.586943183635944,9.56013736675444,2.241149345441372
0.238,1.5965033210026984,9.656590702415354,5.110795332670121
0.239,1.6061599117051137,9.101309250341485,3.8879624248156075
0.24,1.6152612209554553,10.199732306475967,1.9507733650772374
0.241,1.6254609532619313,10.573034431518876,2.4573135737634484
0.242,1.6360339876934502,10.172152194506996,3.6373581971971953
0.243,1.6462061398879573,10.010187009968393,3.327653625573997
0.244,1.6562163268979258,11.328891174663548,1.5388485175606288
0.245,1.6675452180725894,12.675900475728454,1.6731750528272797
0.246,1.6802211185483178,13.808052498418512,2.583976219297383
0.247,1.6940291710467363,13.606909992306162,2.4240949916150933
0.248,1.7076360810390425,12.59724414124192,1.5857849619499484
0.249,1.7202333251802844,12.566284961261697,1.1830482010971448
0.25,1.7327996101415462,10.802929158216688,1.725275200840308
0.251,1.743602539299763,11.817561664459134,2.9745157836987364
0.252,1.755420100964222,12.076424784678938,2.9641786179336247
0.253,1.767496525748901,13.496164192941746,3.436269621149618
0.254,1.7809926899418427,12.73979490003407,1.9152930671021924
0.255,1.7937324848418768,12.50148786400088,0.9207200649595081
0.256,1.8062339727058776,13.693655611015483,3.498036433982789
0.257,1.819927628316893,13.937398032737867,2.506918051326508
0.258,1.833865026349631,12.964503681778567,2.883560770443318
0.259,1.8468295300314095,12.47670109038007,1.665921139899053
0.26,1.8593062311217896,12.40888740606811,1.2269744393846045
0.261,1.8717151185278578,14.483785322626861,1.699864423689264
0.262,1.8861989038504847,13.516088362720534,2.672610588120423
0.263,1.8997149922132053,12.813118111415125,1.5360728380190205
0.264,1.9125281103246203,13.603756598255734,0.626060907685748
0.265,1.926131866922876,14.379668817089248,1.3343328131898295
0.266,1.9405115357399652,13.022540430212901,3.8875771575544733
0.267,1.953534076170178,13.632470663819111,3.914933938082756
0.268,1.9671665468339972,15.69658200414322,2.5767234308281473
0.269,1.9828631288381404,13.946847170249736,0.9055186614666388
0.27,1.9968099760083902,13.589181272474338,-0.30688788778965814
0.271,2.0103991572808644,12.902564925858991,1.386359144220124
0.272,2.0233017222067233,13.747984577465667,2.781388705268128
0.273,2.037049706784189,13.840797295731868,4.287695787777526
0.274,2.050890504079921,13.275958326440858,2.4192455951384284
0.275,2.064166462406362,11.61671689541346,1.511236335609146
0.276,2.075783179301775,11.864867948627172,6.307303443833318
0.277,2.0876480472504024,9.759100606157968,3.9690515808913887
0.278,2.0974071478565603,9.990070094105898,-0.893921549195785
0.279,2.107397217950666,10.664367578516417,4.111294509839318
0.28,2.1180615855291824,12.315972887259317,3.5550973778308133
0.281,2.1303775584164417,9.525360803527043,2.547926997081689
0.282,2.139902919219969,9.676254797395302,1.9326892580492538
0.283,2.149579174017364,10.936934339569767,1.5905551402733886
0.284,2.160516108356934,10.419219756491653,0.0858738199477651
0.285,2.170935328113426,9.700443745435749,6.338396223675812
0.286,2.1806357718588614,10.059961813032476,1.6242575008556108
0.287,2.1906957336718937,8.236388957268904,2.721654844636359
0.288,2.1989321226291625,8.238246894119385,1.1062551541172168
0.289,2.207170369523282,8.52629011598682,1.6343019595322215
0.29,2.2156966596392684,9.160178662339645,3.0796288061100423
0.291,2.224856838301608,9.711833177006936,2.6976448416779557
0.292,2.234568671478615,7.645093041705522,2.872025842355776
0.293,2.2422137645203204,7.724199435704963,2.0194505556127047
0.294,2.2499379639560253,8.466430062223875,0.8590295086894519
0.295,2.258404394018249,8.062591295415485,1.8663773782259558
0.296,2.2664669853136648,6.235503991805748,2.3312157676806584
0.297,2.2727024893054706,5.654242674932137,4.010051337928667
0.298,2.2783567319804026,5.1179254459973915,-0.7199674060931174
0.299,2.2834746574264,4.940984412107487,3.545805550298114
0.3,2.2884156418385073,4.571865292368567,0.9490206307437512
0.301,2.292987507130876,5.3000133546975245,2.7841489081237194
0.302,2.2982875204855735,6.44037419253269,3.221387446926423
0.303,2.304727894678106,5.218882432715002,3.899146433488041
0.304,2.309946777110821,6.202152213924724,2.3797455806622696
0.305,2.3161489293247457,5.294774902560045,3.051587019158722
0.306,2.3214437042273057,5.982759647587826,3.842841162815582
0.307,2.3274264638748936,6.819761032058633,3.1828945942327462
0.308,2.3342462249069524,6.071394932330692,2.0855361502913596
0.309,2.340317619839283,4.415160941942769,0.8376421445433846
0.31,2.344732780781226,4.517934762140099,2.944550645001394
0.311,2.349250715543366,3.9951058239102673,-0.32808182722566226
0.312,2.3532458213672762,4.634411197121035,-0.882334764674217
0.313,2.3578802325643973,3.2475364395127952,1.6818708819619796
0.314,2.36112776900391,1.8972217267675355,4.130980396365453
0.315,2.3630249907306777,0.9609982183447624,1.143326002285896
0.316,2.3639859889490227,2.0305076648411706,2.547148013350993
0.317,2.366016496613864,1.014308397731243,2.8720686730942786
0.318,2.3670308050115954,2.0968539957400103,1.695503527612046
0.319,2.3691276590073356,1.7476363795065852,3.5037298374665102
0.32,2.370875295386842,1.0602482148996617,-0.7864663180167835
0.321,2.3719355436017415,0.6671914071135804,1.7887478356934199
0.322,2.372602735008855,0.325476219882595,0.6542028780313371
0.323,2.372928211228738,1.5207425521833158,0.9427896615671747
0.324,2.3744489537809215,0.7286848139928739,3.1512531449325083
0.325,2.375177638594914,0.6378333238505118,0.7418994934536087
0.326,2.3758154719187647,0.620873267318395,3.9426942133784295
0.327,2.3764363451860833,-0.26027730759450085,1.1331597154127682
0.328,2.3761760678784887,-0.3126798317423134,-1.3654351237231133
0.329,2.3758633880467466,0.3354037757713787,5.217283075626987
0.33,2.376198791822518,0.6673529871451958,1.6461899441682868
0.331,2.376866144809663,-0.4820461477150597,0.6405465913260255
0.332,2.376384098661948,-1.9098382174656274,2.623656177765417
0.333,2.3744742604444826,-0.34993083331815744,3.846529291209901
0.334,2.3741243296111643,-2.1279988855563454,-0.20695480809876754
0.335,2.371996330725608,-3.772224912414539,2.849527414567716
0.336,2.3682241058131934,-5.6042849142334745,1.8452355874198423
0.337,2.36261982089896,-5.042620884407351,1.7680817720038442
0.338,2.3575772000145525,-6.027465400599426,3.184383500421851
0.339,2.351549734613953,-5.405479524501014,3.7145225352679923
0.34,2.346144255089452,-7.036385232487372,3.614445493345403
0.341,2.3391078698569645,-8.569814669276148,4.21486618284058
0.342,2.3305380551876884,-8.412941248218246,2.8389234913914865
0.343,2.32212511393947,-8.897138160160548,2.5687891159126446
0.344,2.3132279757793097,-9.436858214938031,2.392092528118619
0.345,2.3037911175643715,-8.933358717887094,1.536931071427539
0.346,2.2948577588464842,-9.224452732503217,3.6578304703859157
0.347,2.285633306113981,-8.366855371657689,1.8806513259220896
0.348,2.2772664507423235,-7.702578143102485,1.0562837998737757
0.349,2.269563872599221,-8.905209412335251,-1.7717766850857366
0.35,2.2606586631868857,-9.440774908094044,1.7310950243457697
0.351,2.2512178882787914,-9.2224316609016,-0.41120740290600066
0.352,2.24199545661789,-8.84868889282041,2.2125482906865015
0.353,2.2331467677250694,-9.322338665752309,3.714483529543425
0.354,2.223824429059317,-8.85084131534716,2.00848092968306
0.355,2.21497358774397,-9.036092500627651,3.080035400288637
0.356,2.2059374952433424,-8.556893679871287,2.2656125204278825
0.357,2.197380601563471,-9.018177539625356,3.272973100102426
0.358,2.1883624240238455,-9.481788138397102,1.2198851935234085
0.359,2.1788806358854482,-9.316169456883172,0.849751686262312
0.36,2.169564466428565,-10.095328890757383,2.7635525638679845
0.361,2.1594691375378074,-8.448853607982972,4.123603188710024
0.362,2.1510202839298245,-7.510818692389409,1.92666823423606
0.363,2.143509465237435,-8.722304350846821,0.40594621148037957
0.364,2.1347871608865883,-8.190721867054334,3.2723501629870477
0.365,2.1265964390195338,-8.135416652302785,2.8444535557011736
0.366,2.118461022367231,-9.069499849042392,0.46937228130178155
0.367,2.1093915225181887,-10.58616772793182,-2.2481432860372954
0.368,2.0988053547902568,-11.463788516451688,2.78523792929046
0.369,2.087341566273805,-12.131170580622701,5.048383181674732
0.37,2.0752103956931824,-10.971338978727708,2.305749559313952
0.371,2.0642390567144546,-11.626355878116994,-0.938091491971945
0.372,2.0526127008363377,-12.490472383156453,0.7955708238295978
0.373,2.0401222284531815,-13.162876536458226,4.178628250190457
0.374,2.026959351916723,-13.774910697732903,0.9411374020496606
0.375,2.01318444121899,-14.76341399357677,-2.4100278752203037
0.376,1.9984210272254133,-14.848143589825984,0.8581550186932778
0.377,1.9835728836355873,-13.109859400756726,2.5918205015217963
0.378,1.9704630242348304,-12.210521381758683,0.34107338132405807
0.379,1.9582525028530717,-13.363944007158388,-0.6801843568890822
0.38,1.9448885588459133,-12.640384080904138,0.8780084849320169
0.381,1.932248174765009,-13.457229277650502,2.3536132302782193
0.382,1.9187909454873586,-14.14138455360019,1.4799365603496821
0.383,1.9046495609337584,-14.156026287450642,1.2679027360621835
0.384,1.8904935346463076,-13.880211054787011,1.7096775729736653
0.385,1.8766133235915206,-12.97715326336147,4.2103062298873715
0.386,1.863636170328159,-13.328173184802628,2.851412917828833
0.387,1.8503079971433563,-14.01650960672325,0.579119727767301
0.388,1.836291487536633,-15.187918340122964,2.8348156245710565
0.389,1.82110356919651,-14.06244234104465,2.0009795504920245
0.39,1.8070411268554654,-13.313743262237265,2.1858301597944885
0.391,1.7937273835932281,-13.681517213259006,2.574567679156219
0.392,1.7800458663799692,-13.645454900087213,3.562736632128994
0.393,1.766400411479882,-13.480488280342215,3.963935131552332
0.394,1.7529199231995396,-12.658580783325185,2.8214423573709757
0.395,1.7402613424162143,-13.03588337010779,1.683644813806055
0.396,1.7272254590461065,-11.32926513643796,4.201656790938991
0.397,1.7158961939096684,-10.895504811779848,3.1295886195054847
0.398,1.7050006890978886,-10.326003116059677,0.6398145491590412
0.399,1.694674685981829,-9.710643847313944,3.6148753977446773
0.4,1.684964042134515,-10.545036991711523,4.2736787273368915
0.401,1.6744190051428034,-10.32061059593655,2.156619580772305
0.402,1.6640983945468668,-9.83409316161482,2.6230201173078984
0.403,1.654264301385252,-8.803868556261724,1.7101152013661192
0.404,1.6454604328289903,-8.557363634051837,2.1256682383790975
0.405,1.6369030691949384,-7.712036252674366,2.116533281047901
0.406,1.629191032942264,-8.663470573533326,4.0169798996330375
0.407,1.6205275623687307,-9.39212913675102,3.1353770185147773
0.408,1.6111354332319798,-10.349420844843337,2.633842832883287
0.409,1.6007860123871365,-9.32452427998761,1.10291622913666
0.41,1.591461488107149,-8.378057653875178,2.4911407207084575
0.411,1.5830834304532737,-8.432431355311921,1.0602436188843638
0.412,1.5746509990979618,-8.769700928716162,-0.02117876583783973
0.413,1.5658812981692456,-10.119248000929813,3.357360526811868
0.414,1.5557620501683158,-9.927212210773805,1.2760529991389307
0.415,1.545834837957542,-9.021311058862706,1.3782264078960342
0.416,1.5368135268986793,-9.576417185644067,-1.688611058528084
0.417,1.5272371097130353,-8.918659604879624,-0.7598131260320702
0.418,1.5183184501081557,-9.988809041963389,-0.9478516976659155
0.419,1.5083296410661924,-8.974811363245447,-0.1565027559273764
0.42,1.4993548297029469,-8.313017962575644,0.8539887746250402
0.421,1.4910418117403712,-9.18742703185171,2.0080354350379914
0.422,1.4818543847085195,-8.415170769698072,2.2526536145723384
0.423,1.4734392139388215,-6.851809412826903,3.5267815595134326
0.424,1.4665874045259946,-7.714797848947,-0.6435673312635419
0.425,1.4588726066770477,-7.063923987763008,-3.0170034435933015
0.426,1.4518086826892846,-8.519050814123627,1.0048790558616272
0.427,1.4432896318751611,-9.93342801310584,-0.21977653981271583
0.428,1.4333562038620553,-10.06028498590082,-1.1305158599581169
0.429,1.4232959188761545,-10.99561577231573,3.608684801678484
0.43,1.4123003031038388,-10.534722216924806,-0.017752441585616063
0.431,1.401765580886914,-9.396456339182453,0.34677805605861844
0.432,1.3923691245477317,-11.617415638047184,1.8384982942244146
0.433,1.3807517089096846,-11.855591028566703,-0.5467190165323081
0.434,1.3688961178811179,-9.972542887545892,0.22346754944822367
0.435,1.358923574993572,-9.899467389532038,1.3469822931869373
0.436,1.34902410760404,-11.521397827190818,1.2684087623739178
0.437,1.337502709776849,-11.980057001738217,0.6040862281855296
0.438,1.3255226527751107,-11.640703679609063,0.9235715406821934
0.439,1.3138819490955016,-12.21560350328408,2.6373457583732005
0.44,1.3016663455922175,-11.146510485599208,0.9929723825591548
0.441,1.2905198351066183,-13.648614112361344,1.5922506286319016
0.442,1.276871220994257,-14.425930966561003,1.1208206085178405
0.443,1.262445290027696,-14.938278135619512,2.9768296592832932
0.444,1.2475070118920764,-15.428371541190685,0.13542615069072905
0.445,1.2320786403508857,-16.15325903204242,0.35487794569100906
0.446,1.2159253813188433,-16.654670787753428,1.469236921783318
0.447,1.1992707105310898,-17.484111783448576,1.210473000708973
0.448,1.1817865987476412,-17.33338287337189,-0.1568925751534127
0.449,1.1644532158742693,-17.97599406947873,0.13236743890397662
0.45,1.1464772218047905,-18.165452215671845,1.1973203478074057
0.451,1.1283117695891187,-15.598342998431262,-0.060625971776314014
0.452,1.1127134265906875,-15.439359198452893,1.2674563881121583
0.453,1.0972740673922345,-15.453126843694719,0.9711317952841388
0.454,1.0818209405485397,-16.021284871619716,0.633553072694088
0.455,1.06579965567692,-17.886768650534393,-1.6509564287049572
0.456,1.0479128870263856,-17.471020207907625,0.6546663662107947
0.457,1.030441866818478,-16.25061607449528,-2.5693495792753414
0.458,1.0141912507439828,-16.81016003507859,0.32521733596155855
0.459,0.9973810907089041,-17.71523737089808,-0.18416867366133338
0.46,0.979665853338006,-17.10271232139572,-1.4873511236607315
0.461,0.9625631410166103,-17.1370892408371,-0.749577088486386
0.462,0.9454260517757732,-18.413289006730672,1.1503725826807825
0.463,0.9270127627690425,-17.743593114595594,3.2511858181240387
0.464,0.9092691696544469,-17.98639132308883,2.6241723970279853
0.465,0.891282778331358,-16.450862940239297,1.1372904952027936
0.466,0.8748319153911187,-17.30153498981225,0.786423765245623
0.467,0.8575303804013065,-16.853884877519082,-0.4840306016033532
0.468,0.8406764955237874,-16.642039327728476,-0.3108203301192468
0.469,0.824034456196059,-16.60164351470638,0.1640688971334785
0.47,0.8074328126813526,-15.633099898883176,0.9207428116529637
0.471,0.7917997127824694,-15.76010800792268,1.820708823318402
0.472,0.7760396047745467,-14.889256191664725,1.862234335894374
0.473,0.761150348582882,-15.0528086474724,-1.8392062198666799
0.474,0.7460975399354096,-15.231743184315928,0.25205592316225534
0.475,0.7308657967510936,-16.527426964247624,-1.0872699898662948
0.476,0.7143383697868461,-14.604350934253453,1.9114877597137796
0.477,0.6997340188525926,-16.369106427492852,-1.252302860304118
0.478,0.6833649124250997,-16.897718198021547,-1.8527612513202318
0.479,0.6664671942270781,-18.47210052762098,1.0433885773525164
0.48,0.6479950936994572,-17.894231737382352,1.3266129894360286
0.481,0.6301008619620748,-17.36698304509658,0.9736779900173387
0.482,0.6127338789169783,-18.838191626467996,3.812376479665732
0.483,0.5938956872905102,-18.128099192567692,-0.351620853502043
0.484,0.5757675880979425,-18.17005791906679,1.252153948673606
0.485,0.5575975301788757,-18.95518741876613,-1.2475740518698095
0.486,0.5386423427601096,-20.27437025662779,0.7150057397699667
0.487,0.5183679725034818,-19.14686161227906,1.7589123637631883
0.488,0.4992211108912027,-18.13988028136582,1.9700906001544847
0.489,0.4810812306098369,-17.097010978124864,0.9026513978890279
0.49,0.463984219631712,-17.620346954059762,-0.19425226866155498
0.491,0.4463638726776522,-18.148114369985674,0.7457266608329911
0.492,0.42821575830766656,-17.1260100230205,-0.9936640819406058
0.493,0.41108974828464606,-15.579578269842044,0.7977972997158009
0.494,0.39551017001480404,-16.150597756100332,2.775408096041316
0.495,0.3793595722587037,-16.07811820610253,-1.4332798814347172
0.496,0.36328145405260115,-15.86735075798237,-1.5911954830755515
0.497,0.3474141032946188,-16.313212831539182,1.0729224038547798
0.498,0.3311008904630796,-16.544603433433675,0.5300362973864698
0.499,0.31455628702964594,-17.857986057563775,0.3946616738441114
0.5,0.29669830097208216,-16.523320754783462,-1.351187971520667
0.501,0.2801749802172987,-16.693643209358786,-0.11304628587778537
0.502,0.2634813370079399,-16.471301916214024,-2.2714282909112504
0.503,0.2470100350917259,-17.33340466032525,0.9295468120438977
0.504,0.22967663043140063,-16.887748227448604,-0.6941700619646087
0.505,0.21278888220395203,-16.317651488768153,0.46658722318294654
0.506,0.19647123071518388,-16.826663099658628,2.5288973477872405
0.507,0.17964456761552525,-18.729368169076515,2.3697085045097475
0.508,0.16091519944644872,-18.61666112313834,1.6999390236927163
0.509,0.14229853832331038,-20.21395263051322,0.7540673601502607
0.51,0.12208458569279716,-20.842343687885347,0.8190411216278917
0.511,0.10124224200491182,-21.156089927188095,-1.4435706103072539
0.512,0.08008615207772372,-21.282559054377003,0.8103709956874947
0.513,0.05880359302334672,-21.689304008973785,1.629114291754764
0.514,0.037114289014372935,-22.727917285896112,-0.8397295279366729
0.515,0.014386371728476822,-23.690889413197972,-0.2863314125194292
0.516,-0.00930451768472115,-22.622102067576094,-2.061452479963172
0.517,-0.03192661975229724,-23.118619838848016,-1.9782470087072463
0.518,-0.055045239591145254,-23.337631391296256,0.9569980692582826
0.519,-0.07838287098244151,-22.746721622240877,-0.0995069019579777
0.52,-0.10112959260468239,-22.903207779233057,-0.5354661358638794
0.521,-0.12403280038391545,-21.65758946867508,-0.5196484253233162
0.522,-0.14569038985259053,-23.13264670436531,-1.821655078563676
0.523,-0.16882303655695585,-23.30141983709616,-0.6520319131477503
0.524,-0.192124456394052,-22.79206977282244,-0.6342794531689182
0.525,-0.21491652616687446,-23.88849933413743,1.1783349856843253
0.526,-0.23880502550101187,-23.663531374594623,-1.5779283086181042
0.527,-0.2624685568756065,-23.00955566429395,-0.3487458315715477
0.528,-0.28547811253990046,-23.611879123417076,-0.16052142107783385
0.529,-0.3090899916633175,-23.911726901284393,-3.1687719756209805
0.53,-0.3330017185646019,-24.765655013916138,1.0314121204664004
0.531,-0.35776737357851807,-24.926399593498644,0.7202309151079613
0.532,-0.3826937731720167,-24.144143603931404,-0.1385590953843133
0.533,-0.4068379167759481,-23.553349889127208,-2.6815519017116287
0.534,-0.4303912666650753,-24.467829203314402,1.099952503266013
0.535,-0.45485909586838974,-23.211288572487756,-0.616776025228141
0.536,-0.4780703844408775,-24.492803084552015,0.18937816180195172
0.537,-0.5025631875254295,-27.005659446896036,-2.2110830562636785
0.538,-0.5295688469723255,-25.928002656722306,-1.1830893107861546
0.539,-0.5554968496290479,-23.77965104549544,1.3310044165473798
0.54,-0.5792765006745433,-23.29247275956117,-1.625344319490798
0.541,-0.6025689734341044,-23.19999967739699,-1.1177841439678817
0.542,-0.6257689731115014,-23.05923960753839,-0.7868002301321615
0.543,-0.6488282127190398,-24.105018297887707,-0.03227094336418779
0.544,-0.6729332310169275,-23.90012217334948,-0.042639424084179756
0.545,-0.696833353190277,-25.123651253965736,0.33463486938026177
0.546,-0.7219570044442427,-25.374641570665307,1.6361937429564073
0.547,-0.747331646014908,-24.93830860917288,1.2985310163708303
0.548,-0.7722699546240809,-24.436112182346506,-0.016539425297594668
0.549,-0.7967060668064274,-24.137304971913878,-2.1157477169469128
0.55,-0.8208433717783413,-23.170640548828167,-0.27520380422511437
0.551,-0.8440140123271694,-23.148323965544158,-0.6878949980467636
0.552,-0.8671623362927136,-24.87555683436116,-1.713318692876987
0.553,-0.8920378931270747,-23.804457788898947,-1.3370518827575657
0.554,-0.9158423509159737,-23.210287988079855,-2.320320423615615
0.555,-0.9390526389040535,-22.850330097943544,-3.43053061329389
0.556,-0.9619029690019971,-23.38619464013555,-0.7180410738409977
0.557,-0.9852891636421327,-22.740135245026035,2.0050256497047836
0.558,-1.0080292988871586,-24.444984703741184,-2.783095475756527
0.559,-1.0324742835908998,-23.189890866486813,-3.2211935020967
0.56,-1.0556641744573865,-23.77641617276553,-0.0940133404326442
0.561,-1.079440590630152,-25.049528752196952,-1.6201393569607412
0.562,-1.104490119382349,-26.183279920638903,0.5534698744597413
0.563,-1.130673399302988,-25.688076229714774,-0.8627683566764615
0.564,-1.1563614755327027,-26.364413412297765,-3.0995246701965895
0.565,-1.1827258889450005,-26.475778663352283,-2.573422177139501
0.566,-1.2092016676083528,-25.823508613847306,-1.1500373551772973
0.567,-1.2350251762222002,-27.12483625693091,-2.52597766257378
0.568,-1.2621500124791312,-28.04218125937773,-0.6357017344943041
0.569,-1.2901921937385088,-28.14804082424278,0.14914341811981857
0.57,-1.3183402345627515,-28.295593885909394,-2.0297027405917083
0.571,-1.3466358284486608,-28.870635314592555,-1.7441214073473352
0.572,-1.3755064637632535,-27.446461103244893,-1.0255062823488825
0.573,-1.4029529248664985,-26.82330196846385,-0.5106977830724424
0.574,-1.4297762268349623,-26.711876784997205,0.47960808693272394
0.575,-1.4564881036199595,-26.770669156961706,0.18658668903760534
0.576,-1.4832587727769213,-28.64542106640765,0.4071529372016158
0.577,-1.5119041938433289,-30.00166010528709,0.9173196324733519
0.578,-1.541905853948616,-28.89692646474033,-2.9500944389672386
0.579,-1.5708027804133562,-30.381706336502624,-3.3524102789617443
0.58,-1.6011844867498588,-31.329446662666765,-0.6809541626535995
0.581,-1.6325139334125256,-30.897739155329457,-1.4630753771484766
0.582,-1.6634116725678552,-29.496428256378003,-3.2310657878662874
0.583,-1.6929081008242333,-32.374223338644704,-3.396073547241972
0.584,-1.7252823241628779,-33.86232457411595,-0.39598436612650345
0.585,-1.7591446487369937,-34.43246411863375,-2.058275088916886
0.586,-1.7935771128556275,-33.88637583097334,-0.7095987364253731
0.587,-1.8274634886866008,-33.78186244081584,-2.839686864646379
0.588,-1.8612453511274167,-35.3878887291624,-3.7648691277479354
0.589,-1.896633239856579,-37.87962658711004,-3.399606473310851
0.59,-1.934512866443689,-36.00359326469743,-2.5342468510505256
0.591,-1.9705164597083864,-35.92881500236073,-3.882693317074346
0.592,-2.0064452747107473,-37.3193048222229,-1.2085153779250584
0.593,-2.0437645795329704,-37.75340770583485,-0.5351718904937388
0.594,-2.081517987238805,-37.76915240895293,-4.6672752525887224
0.595,-2.119287139647758,-35.08951370456406,-1.2707522557035063
0.596,-2.154376653352322,-36.70349694408999,-0.9406390975349495
0.597,-2.191080150296412,-37.156747260553786,-3.41505353025723
0.598,-2.228236897556966,-38.61164215734425,-2.626881089536058
0.599,-2.26684853971431,-37.49521980050427,-1.2523240987314672
0.6,-2.3043437595148144,-36.71391730354075,-1.3515028918502874
0.601,-2.3410576768183553,-37.84814376358073,-4.596414668031676
0.602,-2.3789058205819362,-36.060711266629426,-4.3263554462650005
0.603,-2.414966531848566,-36.25703613604264,0.5362187704828902
0.604,-2.4512235679846084,-34.91397497342182,-1.5645099438646468
0.605,-2.4861375429580304,-33.805992161169,-2.1625975370566244
0.606,-2.519943535119199,-34.24699735872616,-2.8242769262968888
0.607,-2.5541905324779255,-33.040461143162055,-3.412654102504849
0.608,-2.5872309936210875,-32.29632907868915,-2.331095174432489
0.609,-2.619527322699777,-32.24415899111214,-4.11291660793472
0.61,-2.651771481690889,-31.49330109672378,-1.9645480020040624
0.611,-2.683264782787613,-33.45757886229046,-3.668634249255412
0.612,-2.716722361649903,-34.01308011190022,0.45262808819258105
0.613,-2.7507354417618033,-35.21940057132362,-4.397882481701116
0.614,-2.785954842333127,-34.23215179704835,-2.537784848208735
0.615,-2.8201869941301756,-34.72135193756343,-2.951062119566641
0.616,-2.854908346067739,-36.164019518401695,-2.775787094101932
0.617,-2.891072365586141,-34.55603429810213,-3.022539280346593
0.618,-2.9256283998842427,-34.42390814678662,-3.429948330428654
0.619,-2.9600523080310293,-36.64757612696743,-0.84683671943771
0.62,-2.9966998841579966,-36.68982069716681,-0.2304515415691486
0.621,-3.0333897048551632,-37.622903595411444,-1.1561732498162547
0.622,-3.071012608450575,-37.08829026443595,-1.8278418803478156
0.623,-3.1081008987150107,-35.96079209052527,-3.9122225132030755
0.624,-3.144061690805536,-35.137798847686696,-2.032421734054759
0.625,-3.179199489653223,-36.09675362241511,-1.9661636349518052
0.626,-3.2152962432756382,-38.339259350780715,-4.2439959467096955
0.627,-3.2536355026264188,-38.87058490416163,-3.464575947153163
0.628,-3.2925060875305805,-38.97367548679632,-4.167346291500043
0.629,-3.3314797630173767,-38.8151687231293,-1.9933958953494053
0.63,-3.370294931740506,-37.35627329532698,-3.6475020050294473
0.631,-3.407651205035833,-37.77944736992377,-3.6199562652320822
0.632,-3.445430652405757,-38.714138673677965,-5.993196382914647
0.633,-3.484144791079435,-36.95761747292524,-2.6125427849617777
0.634,-3.5211024085523603,-36.06438316503163,-4.874875275107876
0.635,-3.557166791717392,-36.40098306953249,-0.7794065825848793
0.636,-3.5935677747869246,-34.542753418369045,-1.3254608317672676
0.637,-3.6281105282052937,-36.26484360097894,-5.694443563780961
0.638,-3.6643753718062726,-35.23456886993401,-2.3404694148509275
0.639,-3.6996099406762064,-36.50324182339814,-2.2771968206103765
0.64,-3.7361131824996043,-36.04528296962601,-3.2756071428337687
0.641,-3.7721584654692304,-37.81957799973915,-5.364932090954951
0.642,-3.8099780434689694,-37.641233018948,-4.744782716941284
0.643,-3.8476192764879174,-37.2366335326492,-1.1705637175310142
0.644,-3.8848559100205664,-36.90662647668527,-4.666905331116701
0.645,-3.9217625364972517,-36.54011370984441,-4.675648890658617
0.646,-3.958302650207096,-37.17329457999894,-3.073362229909952
0.647,-3.9954759447870947,-37.86431497577853,-3.088573958322093
0.648,-4.033340259762873,-36.9831788190618,-4.480631724087827
0.649,-4.070323438581935,-37.40821455906487,-4.753950743491394
0.65,-4.107731653141,-37.51461026010507,-4.454142295995498
0.651,-4.145246263401106,-36.74291416593503,-6.110840853380143
0.652,-4.181989177567041,-36.857071736467624,-3.725977756828833
0.653,-4.218846249303509,-37.99938838034307,-2.813997761369789
0.654,-4.256845637683852,-38.34183846770577,-1.7119976151756071
0.655,-4.295187476151558,-40.435322861241985,-5.5900602887721655
0.656,-4.3356227990128,-40.89400123562428,-4.706007692917405
0.657,-4.3765168002484245,-40.94106117095837,-3.6626505848905335
0.658,-4.417457861419383,-40.17749670848695,-5.3649912771965464
0.659,-4.457635358127869,-40.18278532412877,-4.109163181059277
0.66,-4.497818143451998,-38.39399265109307,-4.357049676281362
0.661,-4.536212136103091,-37.43657960062387,-2.9894943162406125
0.662,-4.573648715703715,-37.878800044922826,-4.596197193231215
0.663,-4.611527515748638,-36.646508390007845,-4.623239202180147
0.664,-4.648174024138646,-36.41171796503048,-1.7527373502630903
0.665,-4.6845857421036765,-35.836726543040484,-3.6024418748872806
0.666,-4.720422468646717,-36.987817298397104,-4.15194537916689
0.667,-4.757410285945114,-35.677832741843744,-5.055303246685008
0.668,-4.793088118686958,-37.09929399511005,-4.353190924192177
0.669,-4.8301874126820685,-37.3056290561035,-5.579658992758325
0.67,-4.867493041738172,-36.70221498449269,-6.310040503798043
0.671,-4.904195256722664,-38.85740622131896,-3.762454761037314
0.672,-4.943052662943983,-38.767012239485105,-5.309226284880133
0.673,-4.981819675183468,-38.36414712561716,-5.470013200558753
0.674,-5.020183822309085,-40.28678702961045,-3.3929298426485426
0.675,-5.0604706093386955,-38.53121461419674,-4.30418668213825
0.676,-5.099001823952892,-38.8901786719584,-5.186753758452424
0.677,-5.1378920026248505,-38.997926839443366,-6.012780104826065
0.678,-5.176889929464294,-38.56151939012671,-6.150867952201318
0.679,-5.215451448854421,-38.679884389480854,-3.1934925856850995
0.68,-5.254131333243902,-37.36017786007809,-8.760831663925918
0.681,-5.29149151110398,-37.90716535944053,-4.154393825242181
0.682,-5.329398676463421,-39.00269623166447,-4.828337883571373
0.683,-5.368401372695085,-40.13988866992188,-5.049234179438999
0.684,-5.408541261365007,-39.18885156220332,-5.160336597392974
0.685,-5.44773011292721,-40.3923932986948,-4.366255069027864
0.686,-5.4881225062259045,-40.99542337365724,-3.24862347722687
0.687,-5.529117929599562,-39.83407688506862,-6.291811872555947
0.688,-5.568952006484631,-40.49825177655965,-6.9631847482770155
0.689,-5.609450258261191,-39.17436464878837,-5.850976910583549
0.69,-5.6486246229099795,-40.19058986457356,-5.710366756028609
0.691,-5.688815212774553,-39.78512926715771,-4.027398492929099
0.692,-5.728600342041711,-40.21204632030478,-5.8135967358453815
0.693,-5.768812388362015,-40.66156384274461,-8.58122046770468
0.694,-5.80947395220476,-39.89646543977278,-4.284254173955169
0.695,-5.849370417644533,-39.091334222131245,-1.7864161687487154
0.696,-5.8884617518666635,-37.66890887355906,-4.1132673278720056
0.697,-5.926130660740222,-37.879769975021944,-4.473891644250674
0.698,-5.964010430715244,-37.56988809614797,-6.727641991315711
0.699,-6.001580318811392,-39.06675006916895,-6.484746327188848
0.7,-6.040647068880561,-38.678637937410386,-7.588086869439319
0.701,-6.079325706817971,-38.58846458056659,-5.8056789374543465
0.702,-6.117914171398538,-39.79645599217212,-5.0840985976592155
0.703,-6.15771062739071,-38.649878797264705,-4.7890264221027525
0.704,-6.1963605061879745,-37.84520701211266,-6.412176947205644
0.705,-6.234205713200087,-36.0573651145577,-2.968029043757397
0.706,-6.2702630783146445,-36.22500555889492,-3.8072117229571036
0.707,-6.306488083873539,-37.24560589934701,-4.78298424259288
0.708,-6.343733689772886,-37.39075518228911,-4.97601004865876
0.709,-6.381124444955176,-38.070291886542314,-6.407224769652984
0.71,-6.4191947368417175,-37.89826211556756,-7.0353907145848815
0.711,-6.457092998957285,-39.62248648388991,-6.308253895833744
0.712,-6.496715485441175,-39.48875005295502,-2.860786186518629
0.713,-6.5362042354941305,-37.62396705619174,-6.294619370906635
0.714,-6.573828202550322,-39.607017701056876,-4.253491332727494
0.715,-6.613435220251379,-39.40717047561467,-6.940130797183569
0.716,-6.652842390726994,-40.53734977787626,-6.624355619842612
0.717,-6.69337974050487,-41.280798089078104,-5.434498585024976
0.718,-6.734660538593948,-42.05734175177395,-6.078027028033935
0.719,-6.776717880345722,-41.88295993960459,-6.082827636443223
0.72,-6.818600840285327,-42.40870552933253,-6.647632379187637
0.721,-6.861009545814659,-43.60995883494108,-4.9741861762082
0.722,-6.904619504649601,-44.541638761640876,-6.678294664134831
0.723,-6.949161143411241,-45.73091556914773,-5.286507800780264
0.724,-6.994892058980389,-46.42792436170264,-3.9769244594323188
0.725,-7.041319983342091,-46.8602422388597,-6.679893633588388
0.726,-7.088180225580951,-45.52534121150103,-7.390267352311243
0.727,-7.133705566792452,-43.892226693707194,-7.717725754007659
0.728,-7.177597793486159,-41.1298104243141,-4.384094511354972
0.729,-7.218727603910473,-41.35935068531888,-7.195507436864594
0.73,-7.260086954595792,-41.60474374259195,-6.83624820694451
0.731,-7.301691698338384,-41.973017783618644,-6.017066724480871
0.732,-7.343664716122003,-42.82959797610945,-5.549323356330597
0.733,-7.386494314098113,-44.178310174886064,-5.728620198556865
0.734,-7.430672624272999,-44.237125360577316,-5.292943188136059
0.735,-7.474909749633576,-44.25772465037557,-9.148504497296965
0.736,-7.519167474283951,-45.030189862040956,-11.279488875574755
0.737,-7.5641976641459925,-45.215905209093556,-8.799067953885736
0.738,-7.609413569355086,-44.950761572727714,-7.732124198171254
0.739,-7.654364330927813,-45.55540724325247,-10.584433421167013
0.74,-7.699919738171066,-45.776570930901514,-6.669119814066736
0.741,-7.745696309101968,-46.478537004523844,-5.995054782206724
0.742,-7.792174846106492,-45.40772544649114,-7.75042414668711
0.743,-7.837582571552983,-45.19093426158143,-6.153191978525174
0.744,-7.882773505814565,-45.13298497693057,-4.7371318869603485
0.745,-7.927906490791496,-44.405133998299135,-7.805580603410244
0.746,-7.9723116247897945,-44.191972076148716,-7.5609268399569185
0.747,-8.016503596865943,-44.54715234455068,-8.960411770595625
0.748,-8.061050749210494,-44.41477106419046,-9.396822565550847
0.749,-8.105465520274684,-45.0270712471177,-9.283571391421066
0.75,-8.150492591521802,-45.869323365843115,-5.945707294909356
0.751,-8.196361914887644,-44.69839703847609,-9.975069955973247
0.752,-8.24106031192612,-43.464905494433125,-8.225041834305568
0.753,-8.284525217420553,-44.23393755041566,-9.737898843886882
0.754,-8.32875915497097,-44.896697389027274,-10.408458501687319
0.755,-8.373655852359997,-44.37477828861243,-7.471835615726159
0.756,-8.418030630648609,-43.39934985664571,-9.302051646100916
0.757,-8.461429980505255,-44.61692251805929,-6.499738126524635
0.758,-8.506046903023314,-45.447177098190615,-9.518884477981953
0.759,-8.551494080121506,-44.41508884369921,-7.954455024043329
0.76,-8.595909168965205,-45.458021560850085,-8.6546395739546
0.761,-8.641367190526056,-45.874131856550804,-9.786508801631186
0.762,-8.687241322382606,-44.23788548188864,-9.978129127757617
0.763,-8.731479207864496,-44.03925989016716,-9.534080516493033
0.764,-8.775518467754663,-43.8682738908675,-8.597381225857946
0.765,-8.81938674164553,-44.42088411337076,-9.503259917459918
0.766,-8.863807625758902,-45.45943463572029,-10.650030042759031
0.767,-8.909267060394622,-44.97886620241781,-7.725040302780036
0.768,-8.954245926597041,-45.02961938834686,-10.65440729216411
0.769,-8.999275545985387,-44.08553035879362,-11.24725991032609
0.77,-9.043361076344182,-44.05387340586816,-10.63081493418144
0.771,-9.08741494975005,-44.97312174712014,-9.962616013674793
0.772,-9.13238807149717,-45.731961783135105,-10.3919524658397
0.773,-9.178120033280305,-46.820789411488725,-7.039597602417938
0.774,-9.224940822691794,-47.350256715846776,-8.502615248444002
0.775,-9.27229107940764,-45.79071933010944,-8.31679753493752
0.776,-9.318081798737749,-45.21242690096922,-9.579555300278017
0.777,-9.363294225638718,-45.928435055129086,-8.88363435030464
0.778,-9.409222660693848,-45.8499445975939,-9.214312181656931
0.779,-9.455072605291441,-46.04433913261951,-10.42886623236193
0.78,-9.50111694442406,-46.185227931530726,-10.699137495377185
0.781,-9.547302172355591,-44.385920187640124,-10.426675907296165
0.782,-9.591688092543231,-44.31203123099507,-8.419755867274214
0.783,-9.636000123774226,-43.8064338613222,-8.366422741318313
0.784,-9.679806557635548,-44.90365619000448,-7.28582561914262
0.785,-9.724710213825553,-43.46991964143069,-7.97628319243691
0.786,-9.768180133466984,-43.1307214242085,-9.997936209005822
0.787,-9.811310854891193,-43.68559292266359,-11.69427769026833
0.788,-9.854996447813857,-42.9987167312663,-12.211433856117209
0.789,-9.897995164545124,-42.86312028043301,-10.245060895668427
0.79,-9.940858284825557,-41.95878016871263,-10.54810651218914
0.791,-9.98281706499427,-41.250812549097574,-8.432305836778028
0.792,-10.024067877543368,-40.93514650672643,-12.297967773017817
0.793,-10.065003024050094,-40.40975866231716,-9.60198155833665
0.794,-10.105412782712412,-40.54683097704935,-10.211663189582612
0.795,-10.145959613689461,-42.062264411268735,-9.580459653833143
0.796,-10.18802187810073,-40.07441494224919,-9.714223226005824
0.797,-10.22809629304298,-40.112723522214274,-8.703126227271097
0.798,-10.268209016565194,-40.75467341653122,-8.40413984152087
0.799,-10.308963689981725,-40.37296046113822,-7.824405694926857
0.8,-10.349336650442863,-40.910216841825914,-10.174444469003035
0.801,-10.39024686728469,-40.40788866835322,-10.45179766206213
0.802,-10.430654755953043,-39.905009476779455,-8.215755888205052
0.803,-10.470559765429822,-40.426549017402934,-11.08599412560481
0.804,-10.510986314447225,-40.687551949366515,-10.859034492379722
0.805,-10.551673866396591,-43.00563552764268,-12.297357667093957
0.806,-10.594679501924233,-43.024541269947825,-11.49915175425107
0.807,-10.63770404319418,-41.639958767471214,-11.328839886477844
0.808,-10.67934400196165,-42.93463588880017,-8.882712883719105
0.809,-10.72227863785045,-41.54980555003476,-9.753323384936957
0.81,-10.763828443400486,-40.64046659671565,-12.300776963378164
0.811,-10.804468909997201,-41.599161034921146,-9.039660240023267
0.812,-10.846068071032123,-42.3714646179678,-11.0888450581573
0.813,-10.888439535650091,-42.79204266136222,-9.582465220908988
0.814,-10.931231578311454,-41.868870190788755,-12.383298581182078
0.815,-10.973100448502242,-40.37318221627328,-7.2705532917434965
0.816,-11.013473630718515,-41.372574037881506,-12.10470780874315
0.817,-11.054846204756396,-40.25571121760903,-10.865318495459602
0.818,-11.095101915974006,-40.883473647120226,-9.738156897247285
0.819,-11.135985389621126,-41.1927965888036,-13.07848176519884
0.82,-11.17717818620993,-40.70499151191454,-13.319577432672068
0.821,-11.217883177721845,-42.230130692853024,-12.700786083439997
0.822,-11.260113308414699,-40.40866299399033,-12.877355004765434
0.823,-11.300521971408688,-41.0475299863745,-12.66584592596787
0.824,-11.341569501395062,-40.359236398448076,-8.995315720992487
0.825,-11.38192873779351,-40.860012769707794,-11.900222409393514
0.826,-11.422788750563218,-40.94242958495066,-10.788860600259941
0.827,-11.463731180148168,-42.09972762737248,-12.427997253505733
0.828,-11.50583090777554,-42.852810449440355,-13.220379453027775
0.829,-11.54868371822498,-44.8339522170495,-12.741433853495778
0.83,-11.59351767044203,-46.339166761481174,-13.147636461866442
0.831,-11.63985683720351,-45.8982367737213,-12.34881065701032
0.832,-11.685755073977232,-45.625478779718684,-12.12863368634291
0.833,-11.731380552756951,-45.977794202579986,-10.07307926739243
0.834,-11.77735834695953,-46.55811067949622,-10.052151487346997
0.835,-11.823916457639028,-46.84328376412464,-10.245726732747716
0.836,-11.870759741403152,-46.62754156950016,-11.709524754808745
0.837,-11.917387282972651,-45.932210798936175,-14.38317547833188
0.838,-11.963319493771587,-46.45957978304921,-13.328440998137486
0.839,-12.009779073554636,-46.019570992005015,-10.503995008205088
0.84,-12.055798644546641,-47.20913877386127,-10.405558097950653
0.841,-12.103007783320502,-46.080064592098836,-13.406901347233465
0.842,-12.1490878479126,-46.55458247179937,-11.805080827390434
0.843,-12.1956424303844,-46.69580187550369,-13.636728239078305
0.844,-12.242338232259904,-47.685504712198956,-9.53499154748966
0.845,-12.290023736972103,-48.95795934514425,-11.82946644094124
0.846,-12.338981696317246,-48.912664442502795,-13.3640184621033
0.847,-12.387894360759748,-49.075879526007895,-11.750494474885024
0.848,-12.436970240285756,-49.434141807125336,-13.196865294640903
0.849,-12.486404382092882,-49.73711019932534,-13.681292832572689
0.85,-12.536141492292208,-48.803393609408985,-10.238424892635173
0.851,-12.584944885901617,-49.69736663395227,-11.329769195325664
0.852,-12.634642252535569,-52.74756721184454,-12.349748169956413
0.853,-12.687389819747413,-52.12191149253889,-11.389251279893765
0.854,-12.739511731239952,-52.718152866967785,-12.231916452724523
0.855,-12.79222988410692,-51.32855023262123,-12.771136004228131
0.856,-12.843558434339542,-51.8874998095072,-12.672768416025288
0.857,-12.895445934149048,-51.89475035489449,-13.256100343418296
0.858,-12.947340684503942,-51.40542374663174,-13.461596511063146
0.859,-12.998746108250574,-52.22279820486514,-12.804877876469495
0.86,-13.050968906455438,-50.21256326267452,-14.711779221667777
0.861,-13.101181469718112,-48.990124887123834,-14.024368366765485
0.862,-13.150171594605236,-49.106205598408394,-13.241167862448087
0.863,-13.199277800203644,-48.02593815597611,-12.225258436416523
0.864,-13.247303738359621,-47.987507485688944,-10.907914949523391
0.865,-13.29529124584531,-48.86210237374467,-11.460055650876182
0.866,-13.344153348219054,-49.16461338261013,-12.559711507609146
0.867,-13.393317961601664,-48.849216650821376,-13.262446809116343
0.868,-13.442167178252484,-49.501951801973796,-12.883380730450007
0.869,-13.491669130054458,-49.79005016876197,-12.609528150521102
0.87,-13.54145918022322,-50.80044182108037,-15.636916250929975
0.871,-13.592259622044299,-50.27358243183287,-14.099969770916092
0.872,-13.642533204476132,-49.80160201866642,-14.634670128142629
0.873,-13.692334806494799,-50.23598449535399,-14.230323001450694
0.874,-13.742570790990152,-49.66678606470054,-14.759477281636745
0.875,-13.792237577054852,-48.80442056896365,-14.86152858292656
0.876,-13.841041997623815,-48.383809115512605,-15.051816260100264
0.877,-13.889425806739327,-48.09540303415225,-15.68274575458394
0.878,-13.937521209773479,-48.81179211151844,-13.587804965397245
0.879,-13.986333001884997,-48.61221068677557,-12.96598835250458
0.88,-14.034945212571772,-48.101145732021514,-12.62518013560185
0.881,-14.083046358303793,-48.49105278274012,-11.54905759117021
0.882,-14.131537411086533,-47.113654658121355,-14.130607383709314
0.883,-14.178651065744655,-49.14254420762786,-17.48136328323794
0.884,-14.227793609952283,-49.728381597898036,-17.154354915662175
0.885,-14.27752199155018,-48.962097779851945,-15.758100538954363
0.886,-14.326484089330032,-50.46880105421959,-13.200941567795937
0.887,-14.376952890384251,-49.25350704303363,-14.406853184066806
0.888,-14.426206397427285,-47.54712028501354,-14.85067559607084
0.889,-14.473753517712298,-46.69058329340527,-15.715800137688094
0.89,-14.520444101005703,-45.50700156349779,-16.951361072445287
0.891,-14.565951102569201,-46.738341613645105,-11.557335938562712
0.892,-14.612689444182847,-45.99667806300705,-12.918892028532213
0.893,-14.658686122245854,-46.69667828230698,-14.41584355829808
0.894,-14.705382800528161,-46.219531646561485,-15.30857413990256
0.895,-14.751602332174723,-45.69890427663352,-12.205401041860128
0.896,-14.797301236451357,-45.146014405164955,-13.538590499498078
0.897,-14.842447250856521,-47.146687670249875,-15.305898048385725
0.898,-14.88959393852677,-46.659303253978656,-16.281638609752083
0.899,-14.936253241780749,-45.811032999828214,-13.296265559877313
0.9,-14.982064274780576,-45.81163007661445,-12.866560239170248
0.901,-15.02787590485719,-45.59185551240923,-15.259137109878974
0.902,-15.0734677603696,-45.98880147077377,-16.58326059556088
0.903,-15.119456561840373,-47.886734684891834,-15.373407685937504
0.904,-15.167343296525265,-47.862786949913264,-16.608009693807535
0.905,-15.215206083475179,-47.52999060339593,-13.89316264390886
0.906,-15.262736074078575,-45.89133159199981,-16.6594915455879
0.907,-15.308627405670574,-47.02580554985178,-14.628401051640555
0.908,-15.355653211220426,-46.84588828122189,-15.787362284088475
0.909,-15.402499099501648,-46.89768205112365,-15.534067918666622
0.91,-15.449396781552773,-47.115543933447746,-15.221062052004955
0.911,-15.49651232548622,-47.0180088878271,-16.3192637433926
0.912,-15.543530334374047,-46.912576230843044,-16.310912764047703
0.913,-15.59044291060489,-46.8454043890992,-13.456853569704625
0.914,-15.63728831499399,-46.75791091065792,-17.838197638152142
0.915,-15.684046225904648,-46.10272594490307,-13.958457595439793
0.916,-15.730148951849552,-44.341638419854405,-14.515781333232447
0.917,-15.774490590269407,-44.14973733952927,-16.26100225201504
0.918,-15.818640327608936,-43.34937225169237,-15.663582281261597
0.919,-15.861989699860628,-44.8294180415069,-18.786126312130033
0.92,-15.906819117902135,-43.204434356956185,-15.273122508136046
0.921,-15.950023552259092,-41.867892621487314,-15.92955759507948
0.922,-15.99189144488058,-41.87187318086242,-15.576722000878126
0.923,-16.033763318061443,-42.26880293175337,-15.612440865620632
0.924,-16.076032120993197,-41.91851630948994,-17.934046840599386
0.925,-16.117950637302688,-42.322871800315944,-17.41572792468952
0.926,-16.160273509103003,-41.211367069137964,-16.638260351331358
0.927,-16.20148487617214,-39.222363891644314,-12.618105014443994
0.928,-16.240707240063784,-39.084961131384965,-16.73687713517712
0.929,-16.279792201195168,-38.53048537996898,-16.867448968526134
0.93,-16.318322686575137,-37.88816156039866,-15.503908935914074
0.931,-16.356210848135536,-38.920087863902786,-14.190129772187127
0.932,-16.39513093599944,-39.81064782433171,-18.41078341060913
0.933,-16.434941583823772,-39.32347983302955,-14.187299270375732
0.934,-16.4742650636568,-37.937590086376865,-14.592108808102829
0.935,-16.512202653743177,-36.706655817372294,-15.99729533825249
0.936,-16.54890930956055,-37.0019008662394,-14.206513666403445
0.937,-16.58591121042679,-34.98192253543425,-16.086476899628323
0.938,-16.620893132962223,-34.68188952084671,-18.0706255082026
0.939,-16.65557502248307,-32.65926307616742,-20.244516739807544
0.94,-16.688234285559236,-32.81510066610497,-18.22653712846319
0.941,-16.721049386225342,-31.80404312045313,-16.350083901851946
0.942,-16.752853429345794,-31.922640793003985,-17.798193270768515
0.943,-16.784776070138797,-30.89546780963532,-15.277710298867792
0.944,-16.815671537948433,-30.689170620219375,-13.467237260515125
0.945,-16.846360708568653,-31.612789502138014,-16.172926315269684
0.946,-16.87797349807079,-30.70364891635972,-17.766399159256643
0.947,-16.908677146987152,-29.173038052814814,-17.097801686146813
0.948,-16.937850185039967,-29.472650539350873,-18.659168145624893
0.949,-16.967322835579317,-28.23603782820345,-18.636605235132087
0.95,-16.99555887340752,-27.66204676559584,-15.9049367225416
0.951,-17.023220920173117,-26.608159965094124,-17.6983938141286
0.952,-17.04982908013821,-27.503411992169653,-18.987114140310137
0.953,-17.07733249213038,-25.78783434244791,-19.6683189258487
0.954,-17.10312032647283,-25.91886826750838,-17.96838697606901
0.955,-17.129039194740336,-25.290219998899538,-19.697667150778972
0.956,-17.154329414739237,-26.593120290525373,-16.096061449123283
0.957,-17.18092253502976,-25.86981316434975,-17.66515527608172
0.958,-17.20679234819411,-25.05503983919001,-18.732112806031505
0.959,-17.2318473880333,-24.653839855491505,-16.337045305370978
0.96,-17.256501227888794,-26.31874758890661,-17.88355538921023
0.961,-17.2828199754777,-26.75166995543719,-18.86171395322458
0.962,-17.309571645433138,-25.9696150867868,-14.53584895681151
0.963,-17.335541260519925,-25.192468506967725,-19.534210460456855
0.964,-17.360733729026894,-24.860641932723997,-15.95318694085145
0.965,-17.385594370959616,-24.217358609629066,-17.734837749068596
0.966,-17.409811729569245,-24.84824931443533,-15.0385590857493
0.967,-17.43465997888368,-25.711908714451948,-17.409720196092863
0.968,-17.460371887598132,-23.69059313499647,-16.38007862828395
0.969,-17.48406248073313,-22.853517362705812,-18.252818511061722
0.97,-17.506915998095835,-24.056763183713116,-20.28415508215191
0.971,-17.530972761279546,-24.050118294747204,-18.146705309621247
0.972,-17.55502287957429,-23.36260701034187,-19.598030685357195
0.973,-17.578385486584633,-23.822710278333254,-14.776848439377604
0.974,-17.602208196862968,-21.849435603252466,-19.129818396030878
0.975,-17.62405763246622,-23.197317033489455,-17.716555861749196
0.976,-17.647254949499708,-22.49414828318371,-17.990020097887875
0.977,-17.66974909778289,-22.471053578286337,-17.993389428222393
0.978,-17.692220151361177,-23.61694885294286,-18.094297884027636
0.979,-17.71583710021412,-23.939461429475234,-18.207716366938566
0.98,-17.739776561643595,-24.053124413942232,-16.747426781146658
0.981,-17.763829686057537,-21.958257599098246,-20.346992559505004
0.982,-17.785787943656636,-21.538024111887417,-17.08743532952651
0.983,-17.807325967768524,-21.310477672496393,-15.813677721588558
0.984,-17.82863644544102,-22.808892999729835,-16.910073537863965
0.985,-17.85144533844075,-24.631646407077287,-17.830309151665883
0.986,-17.876076984847828,-23.577266018486775,-18.225018598887925
0.987,-17.899654250866316,-21.91297857312898,-17.791241452048272
0.988,-17.921567229439447,-21.744852417606353,-18.973360347890555
0.989,-17.94331208185705,-21.009345686641637,-18.13850045445373
0.99,-17.964321427543695,-20.776617503159592,-18.910571611368866
0.991,-17.985098045046854,-20.933839272668767,-17.440806929837077
0.992,-18.006031884319523,-20.620966412145524,-16.80487271445369
0.993,-18.02665285073167,-21.838070304802198,-17.589902751383732
0.994,-18.04849092103647,-21.249768637570725,-18.335687632191696
0.995,-18.069740689674042,-23.770731500847326,-17.74450054714527
0.996,-18.093511421174888,-24.340326867131328,-15.532314528448891
0.997,-18.11785174804202,-25.35276794131825,-16.227136755902144
0.998,-18.14320451598334,-24.85511727256292,-18.457165730615575
0.999,-18.1680596332559,-26.740735902903147,-16.88423915078478
